id,split,pages,failed,precision,recall,f1,word_f1,page_f1,cost_usd,cost_per_page_usd,core_inference_seconds,api_calls,budget_resumed,replayed_api_requests
00581-2011-p0050,short,1,False,0.7872340425531915,0.7872340425531915,0.7872340425531915,0.15789473684210528,0.5660377358490566,0.006281268,0.006281268,13.090589,35,False,0
00581-2011-p0052,short,1,False,0.9302325581395349,0.8163265306122449,0.8695652173913043,0.11764705882352941,0.6799999999999999,0.006261486000000002,0.006261486000000002,13.488876,35,False,0
00581-2011-p0098,short,1,False,0.46938775510204084,0.45098039215686275,0.46,0.0,0.1568627450980392,0.005928930000000002,0.005928930000000002,13.985757,33,False,0
00581-2011-p0102,short,1,False,0.6382978723404256,0.5882352941176471,0.6122448979591838,0.0,0.40740740740740744,0.006348887999999999,0.006348887999999999,13.571523,38,False,0
02-10121 H-12 7-2-2024 F-22628,short,1,False,0.44871794871794873,0.44871794871794873,0.44871794871794873,0.0,0.14583333333333331,0.013412153999999999,0.013412153999999999,25.20468,64,False,0
07021-2016-p0014,short,1,False,0.425531914893617,0.425531914893617,0.42553191489361697,0.0,0.0,0.006509201999999999,0.006509201999999999,13.546432,38,False,0
07021-2016-p0016,short,1,False,0.48936170212765956,0.48936170212765956,0.48936170212765956,0.0,0.0,0.005516783999999999,0.005516783999999999,12.213462,34,False,0
07021-2016-p0018,short,1,False,0.44680851063829785,0.44680851063829785,0.44680851063829785,0.0,0.05714285714285714,0.005529719999999998,0.005529719999999998,10.269925,28,False,0
07021-2016-p0026,short,1,False,0.6444444444444445,0.6170212765957447,0.6304347826086957,0.0,0.38095238095238093,0.005707086000000001,0.005707086000000001,12.633221,32,False,0
07021-2016-p0029,short,1,False,0.5777777777777777,0.5531914893617021,0.5652173913043478,0.0,0.19047619047619047,0.005587428,0.005587428,11.007912,27,False,0
07021-2016-p0032,short,1,False,0.48936170212765956,0.48936170212765956,0.48936170212765956,0.0,0.14285714285714285,0.005313755999999998,0.005313755999999998,13.549614,35,False,0
07021-2016-p0038,short,1,False,0.76,0.76,0.76,0.0,0.4761904761904762,0.0033223260000000004,0.0033223260000000004,5.021157,13,False,0
07021-2016-p0039,short,1,False,0.6896551724137931,0.8,0.7407407407407408,0.14285714285714288,0.5454545454545455,0.0034901580000000006,0.0034901580000000006,6.512612,15,False,0
07021-2016-p0040,short,1,False,0.88,0.88,0.88,0.2222222222222222,0.6956521739130435,0.003107579999999999,0.003107579999999999,4.930399,13,False,0
07021-2016-p0051,short,1,False,0.8148148148148148,0.88,0.8461538461538461,0.14285714285714288,0.7500000000000001,0.0035984759999999985,0.0035984759999999985,7.0826,17,False,0
07021-2016-p0052,short,1,False,0.76,0.76,0.76,0.0,0.5217391304347826,0.00349986,0.00349986,6.332557,17,False,0
07021-2016-p0053,short,1,False,0.7037037037037037,0.76,0.7307692307692308,0.14285714285714288,0.6363636363636364,0.003601878000000001,0.003601878000000001,6.478154,16,False,0
07021-2016-p0074,short,1,False,0.5925925925925926,0.5925925925925926,0.5925925925925926,0.0,0.24000000000000005,0.0034010759999999994,0.0034010759999999994,6.038994,15,False,0
07021-2016-p0078,short,1,False,0.8148148148148148,0.88,0.8461538461538461,0.14285714285714288,0.6666666666666667,0.0034489560000000004,0.0034489560000000004,5.562018,14,False,0
07021-2016-p0082,short,1,False,0.84,0.84,0.8399999999999999,0.14285714285714285,0.608695652173913,0.003145002,0.003145002,5.188843,12,False,0
08-15427 H-12 1-21-2003 F-01341,short,2,False,0.5512820512820513,0.5512820512820513,0.5512820512820513,0.0,0.10416666666666667,0.013380947999999997,0.006690473999999998,23.161572,63,False,0
08-20813 H-12 10-17-2008 F-01094A,short,1,False,0.5897435897435898,0.5897435897435898,0.5897435897435898,0.0,0.19801980198019803,0.014540988000000001,0.014540988000000001,24.597673,66,False,0
08-37943 H-12 09-25-2014 F-01249,short,1,False,0.717948717948718,0.717948717948718,0.717948717948718,0.0,0.31578947368421056,0.013397495999999998,0.013397495999999998,23.675925,61,False,0
08-43259 H-12 3-18-2024 F-22737,short,1,False,0.6666666666666666,0.6666666666666666,0.6666666666666666,0.0,0.24742268041237114,0.013775748,0.013775748,24.533143,65,False,0
08-51344 H-12 10-2-2023 F-22666,short,1,False,0.48717948717948717,0.48717948717948717,0.48717948717948717,0.0,0.22916666666666669,0.014287182,0.014287182,23.753119,65,False,0
13f__audent_global_2025q4,short,2,False,0.2857142857142857,0.04678362573099415,0.08040201005025126,0.014260249554367202,0.020797227036395145,0.0026027819999999997,0.0013013909999999998,3.381607,9,False,0
13f__dedeker_financial_llc,short,2,False,0.7619047619047619,0.0243161094224924,0.047128129602356406,0.01171875,0.023300970873786405,0.0023682959999999998,0.0011841479999999999,3.054059,8,False,0
13f__radnor_capital_management_llc,short,8,False,0.9471585244267199,0.9471585244267199,0.9471585244267199,0.3777227722772277,0.98250162022035,0.011059398000000002,0.0013824247500000002,13.679734,36,False,0
13f__sl_advisors_llc,short,2,False,0.8235294117647058,0.0425531914893617,0.08092485549132948,0.027079303675048353,0.0421455938697318,0.0023682959999999993,0.0011841479999999997,3.069098,8,False,0
2A-27-103150_116454,short,2,False,0.17857142857142858,0.17857142857142858,0.17857142857142858,0.0,0.13533834586466165,0.02085115199999999,0.010425575999999995,24.398921,63,False,0
2A-9-136008_97695,short,2,False,0.2236842105263158,0.2236842105263158,0.2236842105263158,0.0,0.1904761904761905,0.01701512399999999,0.008507561999999995,23.404029,60,False,0
2A-9-156032_107792,short,2,False,0.2976190476190476,0.2976190476190476,0.2976190476190476,0.0,0.09259259259259259,0.013917288,0.006958644,16.424692,42,False,0
2A-9-160248_109904,short,2,False,0.25,0.25,0.25,0.0,0.05607476635514018,0.01595055,0.007975275,21.806911,57,False,0
2A-9-160258_109909,short,2,False,0.4868421052631579,0.44047619047619047,0.4625,0.0,0.3442622950819672,0.019666458000000008,0.009833229000000004,23.301256,61,False,0
2A-9-160266_109913,short,2,False,0.3684210526315789,0.3333333333333333,0.35,0.0,0.1935483870967742,0.02140887,0.010704435,28.65696,76,False,0
2A-9-160268_109914,short,2,False,0.3815789473684211,0.34523809523809523,0.3625,0.0,0.19469026548672563,0.019669860000000004,0.009834930000000002,24.926799,67,False,0
2A-9-160282_109921,short,2,False,0.4868421052631579,0.44047619047619047,0.4625,0.0,0.33070866141732286,0.021538691999999995,0.010769345999999997,27.868663,66,False,0
2A-9-160294_109927,short,1,False,0.7368421052631579,0.7368421052631579,0.7368421052631579,0.0,0.14583333333333331,0.011341344000000001,0.011341344000000001,18.413585,49,False,0
2A-9-160298_109929,short,2,False,0.47368421052631576,0.42857142857142855,0.45,0.0,0.26356589147286824,0.022045212000000012,0.011022606000000006,31.720999,82,False,0
2A-9-160318_109939,short,2,False,0.4342105263157895,0.39285714285714285,0.4125,0.0,0.2689075630252101,0.020581427999999995,0.010290713999999998,25.040358,68,False,0
3N1AB7AP8FY283932_professional_valuation,short,8,False,0.6984126984126984,0.29931972789115646,0.419047619047619,,0.43478260869565216,0.007809312000000002,0.0009761640000000003,10.715364,26,False,0
3N1AB7AP8FY283932_professional_valuation_corrupted,short,8,False,0.5238095238095238,0.22448979591836735,0.3142857142857143,,0.3157894736842105,0.006523943999999998,0.0008154929999999997,9.449162,24,False,0
593338187_200912_990PF-p0023,short,1,False,0.7368421052631579,0.09090909090909091,0.16184971098265896,0.05063291139240506,0.1437125748502994,0.003426402,0.003426402,4.497676,12,False,0
593338187_200912_990PF-p0024,short,1,False,0.7,0.040697674418604654,0.07692307692307694,0.0,0.045454545454545456,0.003707508000000001,0.003707508000000001,5.935813,16,False,0
593338187_200912_990PF-p0025,short,1,False,0.25,0.09302325581395349,0.13559322033898305,0.0425531914893617,0.11428571428571428,0.0038023860000000005,0.0038023860000000005,3.938303,11,False,0
593338187_200912_990PF-p0026,short,1,False,0.42105263157894735,0.05194805194805195,0.09248554913294799,0.02547770700636943,0.07317073170731708,0.003530898,0.003530898,4.443212,12,False,0
593338187_200912_990PF-p0027,short,1,False,0.40540540540540543,0.09202453987730061,0.15000000000000002,0.0893854748603352,0.12765957446808512,0.003702174,0.003702174,4.301323,12,False,0
593338187_200912_990PF-p0030,short,1,False,0.296875,0.10982658959537572,0.16033755274261605,0.03409090909090909,0.12560386473429952,0.00392406,0.00392406,4.494621,10,False,0
593338187_200912_990PF-p0031,short,1,False,0.5,0.07734806629834254,0.13397129186602869,0.06217616580310881,0.10945273631840795,0.003367685999999999,0.003367685999999999,4.799548,12,False,0
593338187_200912_990PF-p0032,short,1,False,0.2972972972972973,0.06748466257668712,0.10999999999999999,0.011976047904191616,0.0888888888888889,0.0033457619999999995,0.0033457619999999995,5.66207,12,False,0
593338187_200912_990PF-p0033,short,1,False,0.42105263157894735,0.04419889502762431,0.08,0.0,0.042105263157894736,0.003372768000000001,0.003372768000000001,5.248869,12,False,0
593338187_200912_990PF-p0034,short,1,False,0.2413793103448276,0.19337016574585636,0.2147239263803681,0.03883495145631068,0.24812030075187969,0.004347294000000001,0.004347294000000001,4.516846,11,False,0
593338187_200912_990PF-p0035,short,1,False,0.4642857142857143,0.0718232044198895,0.12440191387559807,0.03208556149732621,0.10050251256281406,0.0037810080000000006,0.0037810080000000006,3.940214,9,False,0
593338187_200912_990PF-p0036,short,1,False,0.2631578947368421,0.027624309392265192,0.05,0.0,0.03125,0.00336714,0.00336714,5.412919,12,False,0
593338187_200912_990PF-p0037,short,1,False,0.34782608695652173,0.09302325581395349,0.14678899082568808,0.04419889502762431,0.12871287128712872,0.003177174000000001,0.003177174000000001,4.855997,11,False,0
593338187_200912_990PF-p0038,short,1,False,0.27472527472527475,0.13812154696132597,0.18382352941176475,0.00975609756097561,0.15450643776824033,0.003501372,0.003501372,5.02592,12,False,0
7C-02014 H-12 5-20-2013 F-01083,short,1,False,0.5641025641025641,0.5641025641025641,0.5641025641025641,0.0,0.2330097087378641,0.015335964,0.015335964,25.036785,65,False,0
7C-04947 H-12 12-7-2009 F-01079,short,5,False,0.47435897435897434,0.47435897435897434,0.47435897435897434,0.0,0.14432989690721648,0.0131796,0.00263592,23.069015,62,False,0
H9-53-1621_1656,short,1,False,0.5689655172413793,0.5689655172413793,0.5689655172413793,0.0392156862745098,0.38461538461538464,0.010631753999999997,0.010631753999999997,19.618812,51,False,0
H9-53-2119_2144,short,1,False,0.5370370370370371,0.5,0.5178571428571428,0.0,0.25974025974025977,0.009836316000000001,0.009836316000000001,18.213251,49,False,0
H9-53-23_23,short,1,False,0.5555555555555556,0.5172413793103449,0.5357142857142857,0.25,0.3116883116883116,0.009296237999999997,0.009296237999999997,18.113543,49,False,0
H9-53-24_24,short,1,False,0.5862068965517241,0.5862068965517241,0.5862068965517241,0.03773584905660377,0.33766233766233766,0.010096506000000002,0.010096506000000002,18.440885,48,False,0
H9-53-30_30,short,1,False,0.4444444444444444,0.41379310344827586,0.4285714285714286,0.0,0.28169014084507044,0.007529255999999997,0.007529255999999997,10.115844,26,False,0
H9-53-319_311,short,1,False,0.6111111111111112,0.5689655172413793,0.5892857142857143,0.24137931034482757,0.3333333333333333,0.009508505999999998,0.009508505999999998,18.303073,49,False,0
H9-53-31_31,short,1,False,0.5185185185185185,0.4827586206896552,0.5,0.0,0.2777777777777778,0.008647463999999999,0.008647463999999999,10.015383,28,False,0
H9-53-32_32,short,1,False,0.5555555555555556,0.5172413793103449,0.5357142857142857,0.0,0.26666666666666666,0.010330194,0.010330194,20.294335,50,False,0
H9-53-514_1043,short,1,False,0.3387096774193548,0.3181818181818182,0.328125,0.0,0.09302325581395349,0.008915928000000002,0.008915928000000002,17.534508,47,False,0
H9-53-59_60,short,1,False,0.5925925925925926,0.5517241379310345,0.5714285714285714,0.0,0.35443037974683544,0.009250667999999998,0.009250667999999998,17.651498,48,False,0
H9-53-7226_7240,short,1,False,0.6481481481481481,0.603448275862069,0.625,0.23333333333333334,0.42105263157894735,0.009483725999999998,0.009483725999999998,17.718607,49,False,0
H9-53-7234_7248,short,1,False,0.48148148148148145,0.4482758620689655,0.4642857142857143,0.0,0.21333333333333335,0.009135042000000005,0.009135042000000005,17.198957,45,False,0
H9-53-7239_7253,short,1,False,0.5740740740740741,0.5344827586206896,0.5535714285714285,0.0,0.25000000000000006,0.008714285999999998,0.008714285999999998,16.695902,45,False,0
H9-53-9349_9509,short,1,False,0.5517241379310345,0.5517241379310345,0.5517241379310345,0.28125,0.425,0.009125045999999998,0.009125045999999998,17.877153,49,False,0
H9-53-9386_9545,short,1,False,0.5,0.46551724137931033,0.48214285714285715,0.0,0.2162162162162162,0.010095162000000003,0.010095162000000003,19.574293,53,False,0
P18-28-1547,short,1,False,0.7246376811594203,0.7246376811594203,0.7246376811594203,0.04651162790697674,0.40404040404040403,0.013688261999999996,0.013688261999999996,21.610963,60,False,0
P18-28-21_77,short,1,False,0.6521739130434783,0.625,0.6382978723404256,0.0,0.3010752688172043,0.012440484,0.012440484,19.51951,55,False,0
P18-28-35_39,short,1,False,0.6231884057971014,0.5972222222222222,0.6099290780141844,0.0,0.3296703296703297,0.012412638000000002,0.012412638000000002,32.366564,92,False,0
P18-28-43_44,short,1,False,0.6811594202898551,0.6811594202898551,0.6811594202898551,0.0,0.38297872340425526,0.013804979999999996,0.013804979999999996,23.197417,64,False,0
P18-28-44_45,short,1,False,0.7916666666666666,0.8260869565217391,0.8085106382978724,0.0,0.367816091954023,0.013175316,0.013175316,22.817174,62,False,0
P18-28-50_51,short,1,False,0.5797101449275363,0.5333333333333333,0.5555555555555555,0.0,0.19047619047619047,0.009580157999999995,0.009580157999999995,20.939249,53,False,0
P18-28-52_53,short,1,False,0.5362318840579711,0.5362318840579711,0.5362318840579711,0.0,0.15789473684210523,0.007353024000000003,0.007353024000000003,17.810071,47,False,0
P18-28-54_55,short,1,False,0.6086956521739131,0.6086956521739131,0.6086956521739131,0.0,0.24444444444444444,0.011112486000000001,0.011112486000000001,21.102699,61,False,0
P18-28-55_56,short,1,False,0.463768115942029,0.463768115942029,0.463768115942029,0.0,0.0,0.010104738,0.010104738,15.233058,41,False,0
P18-28-56_57,short,1,False,0.6956521739130435,0.6956521739130435,0.6956521739130435,0.0,0.36559139784946243,0.013298501999999999,0.013298501999999999,23.810475,62,False,0
P18-28-62_62,short,1,False,0.7681159420289855,0.7681159420289855,0.7681159420289855,0.0,0.4421052631578948,0.012782993999999994,0.012782993999999994,23.715464,66,False,0
P4-27-51022_74198,short,2,False,0.6833333333333333,0.6833333333333333,0.6833333333333333,0.12903225806451613,0.26666666666666666,0.008110578,0.004055289,13.607578,38,False,0
P4-27-51094_74234,short,2,False,0.5384615384615384,0.4666666666666667,0.5,0.0,0.061538461538461535,0.007792511999999998,0.003896255999999999,15.438356,40,False,0
P4-27-51220_74625,short,3,False,0.7666666666666667,0.7666666666666667,0.7666666666666667,0.039999999999999994,0.25352112676056343,0.009315390000000002,0.0031051300000000007,16.676786,48,False,0
P4-27-51300_74665,short,4,False,0.6923076923076923,0.6923076923076923,0.6923076923076923,0.0,0.2222222222222222,0.009901248000000003,0.0024753120000000008,15.896391,41,False,0
P4-27-51318_74674,short,1,False,0.7413793103448276,0.7962962962962963,0.7678571428571429,0.0,0.2258064516129032,0.008534568000000003,0.008534568000000003,13.982706,41,False,0
P4-83-199_29,short,1,False,0.7962962962962963,0.7962962962962963,0.7962962962962963,0.04347826086956522,0.36923076923076925,0.008863134,0.008863134,15.45958,41,False,0
P4-83-201_30,short,1,False,0.7777777777777778,0.7,0.7368421052631577,0.0,0.30136986301369867,0.009292374000000004,0.009292374000000004,15.679445,43,False,0
P4-83-211_35,short,1,False,0.6730769230769231,0.5833333333333334,0.6250000000000001,0.0,0.1818181818181818,0.009644711999999996,0.009644711999999996,14.303154,41,False,0
P4-83-433_147,short,1,False,0.6730769230769231,0.6730769230769231,0.6730769230769231,0.0,0.06896551724137931,0.008544648,0.008544648,14.286653,40,False,0
P4-83-443_152,short,1,False,0.6730769230769231,0.6481481481481481,0.6603773584905661,0.0,0.14545454545454545,0.006980568,0.006980568,13.968137,38,False,0
P4-83-449_155,short,1,False,0.4444444444444444,0.4444444444444444,0.4444444444444444,0.0,0.0,0.007349747999999997,0.007349747999999997,14.725874,40,False,0
P4-83-457_159,short,4,False,0.8076923076923077,0.7,0.75,0.0,0.08955223880597013,0.008904336,0.002226084,14.948382,42,False,0
P4-83-631_246,short,2,False,0.5862068965517241,0.6538461538461539,0.6181818181818182,0.0,0.06451612903225806,0.008778210000000003,0.004389105000000002,11.977974,34,False,0
P4-83-693_277,short,1,False,0.8333333333333334,0.8333333333333334,0.8333333333333334,0.0425531914893617,0.3939393939393939,0.008475936,0.008475936,16.846719,46,False,0
P4-Historical Single Signature83-10963_5480,short,1,False,0.7586206896551724,0.8461538461538461,0.8,0.0,0.25806451612903225,0.007926618000000005,0.007926618000000005,13.530829,39,False,0
P4-Historical Single Signature83-223_41,short,1,False,0.5576923076923077,0.5370370370370371,0.5471698113207548,0.0,0.0,0.008215830000000004,0.008215830000000004,14.469068,40,False,0
P4-Historical Single Signature83-257_58,short,1,False,0.5192307692307693,0.5192307692307693,0.5192307692307693,0.0,0.0,0.007988148,0.007988148,16.273775,39,False,0
REDACTED_2007_NISSAN_MURANO_professional_valuation,short,9,False,0.2857142857142857,0.12698412698412698,0.1758241758241758,,0.0,0.007054068,0.0007837853333333333,8.555211,22,False,0
ROGER-WINFIELD-SCOTT-FOUNDATION-INC-2009-580655183-p0023,short,1,False,0.3135593220338983,0.2138728323699422,0.2542955326460481,0.09282700421940927,0.25830258302583026,0.004057536,0.004057536,4.335383,12,False,0
ROGER-WINFIELD-SCOTT-FOUNDATION-INC-2009-580655183-p0024,short,1,False,0.34,0.1878453038674033,0.24199288256227755,0.07048458149779735,0.24150943396226413,0.003975342000000001,0.003975342000000001,4.343232,12,False,0
ROGER-WINFIELD-SCOTT-FOUNDATION-INC-2009-580655183-p0025,short,1,False,0.423728813559322,0.4065040650406504,0.41493775933609955,0.09424083769633508,0.41379310344827586,0.003569831999999999,0.003569831999999999,4.57565,11,False,0
W-1-9-258_260,short,1,False,0.875,0.875,0.875,0.2380952380952381,0.631578947368421,0.014934276,0.014934276,22.168283,60,False,0
W-1-9-260_262,short,1,False,0.6,0.5416666666666666,0.5693430656934306,0.027777777777777776,0.31683168316831684,0.013689353999999999,0.013689353999999999,19.925491,54,False,0
W-1-9-261_263,short,1,False,0.5689655172413793,0.4583333333333333,0.5076923076923077,0.05333333333333333,0.25806451612903225,0.013676711999999997,0.013676711999999997,19.486054,51,False,0
W14-2nd Sub 53269 Revised W14,short,1,False,0.7215189873417721,0.59375,0.6514285714285715,0.0,0.11403508771929825,0.030862523999999992,0.030862523999999992,47.867205,125,False,0
W14-2nd Sub 55975 Revised W14 ADMIN REVIEWED,short,1,False,0.5619469026548672,0.6614583333333334,0.6076555023923444,0.0,0.07563025210084034,0.028843836000000008,0.028843836000000008,45.019826,122,False,0
W14-52342_W14,short,1,False,0.5885416666666666,0.5885416666666666,0.5885416666666666,0.0,0.0,0.021325289999999993,0.021325289999999993,39.111691,110,False,0
W14-53632_W14 ADMIN REVIEWED,short,1,False,0.6510416666666666,0.6510416666666666,0.6510416666666666,0.0,0.13389121338912133,0.02735833800000001,0.02735833800000001,50.411369,142,False,0
W14-54500_W14 admin reviewed,short,1,False,0.5598086124401914,0.609375,0.5835411471321696,0.0,0.09482758620689655,0.030252011999999998,0.030252011999999998,63.829051,185,False,0
W14-55311_W14 reviewed,short,1,False,0.7658227848101266,0.6302083333333334,0.6914285714285714,0.0,0.16071428571428573,0.027088950000000014,0.027088950000000014,41.732154,118,False,0
W14-55711_W14 ADMIN REVIEWED,short,1,False,0.7341772151898734,0.6041666666666666,0.6628571428571428,0.0,0.09433962264150943,0.024851988,0.024851988,39.718468,112,False,0
W14-57077_W14,short,1,False,0.6510416666666666,0.6510416666666666,0.6510416666666666,0.0,0.11618257261410787,0.029723106000000006,0.029723106000000006,48.293401,125,False,0
W14-57728_W14_REVISED,short,1,False,0.6041666666666666,0.5132743362831859,0.5550239234449761,0.015503875968992248,0.10526315789473685,0.033174665999999964,0.033174665999999964,47.605669,136,False,0
W14-58025_W14 Admin Reviewed,short,1,False,0.504424778761062,0.59375,0.5454545454545454,0.0,0.043668122270742356,0.029319486000000006,0.029319486000000006,44.633623,123,False,0
W14-58509_W14 2nd sub revised,short,1,False,0.8516746411483254,0.7876106194690266,0.8183908045977012,0.09090909090909091,0.3205574912891986,0.029423771999999983,0.029423771999999983,45.103678,123,False,0
W14-58549_W14,short,1,False,0.6124401913875598,0.5663716814159292,0.5885057471264368,0.01680672268907563,0.07352941176470588,0.029689002000000006,0.029689002000000006,42.006836,116,False,0
W14-Atascosa SWD Well No. 4 - W-14 (Updated 01.22.2025),short,1,False,0.6411483253588517,0.6979166666666666,0.6683291770573567,0.0,0.08,0.02472833999999999,0.02472833999999999,39.526365,115,False,0
W2-27-216874_212740,short,2,False,0.6434782608695652,0.42045454545454547,0.5085910652920962,0.0,0.0261437908496732,0.019431972000000013,0.009715986000000006,31.462531,87,False,0
W2-27-217184_213122,short,2,False,0.39622641509433965,0.35795454545454547,0.3761194029850746,0.0,0.0101010101010101,0.017620302,0.008810151,20.387276,55,False,0
W2-27-217314_213200,short,2,False,0.7130434782608696,0.5324675324675324,0.6096654275092936,0.0,0.0963855421686747,0.019692372,0.009846186,31.656689,88,False,0
W2-27-217884_213729,short,2,False,0.591304347826087,0.4503311258278146,0.5112781954887218,0.0,0.08235294117647059,0.022107162,0.011053581,36.162317,97,False,0
WVWJK73C19P047779_professional_valuation,short,8,False,0.3047619047619048,0.21768707482993196,0.25396825396825395,,0.3529411764705882,0.005897639999999997,0.0007372049999999997,7.667183,20,False,0
WVWJK73C19P047779_professional_valuation_corrupted,short,8,False,0.38095238095238093,0.10884353741496598,0.16931216931216928,,0.37499999999999994,0.005605109999999998,0.0007006387499999998,9.367881,25,False,0
YV4952BL2C1140915_professional_valuation,short,7,False,0.3333333333333333,0.2,0.25,,0.0,0.004912739999999999,0.0007018199999999998,7.316305,19,False,0
YV4952BL2C1140915_professional_valuation_corrupted,short,7,False,0.21904761904761905,0.21904761904761905,0.21904761904761905,,0.0,0.004539612,0.000648516,7.340264,20,False,0
aclu_cdwg_invoice,short,1,False,0.75,0.75,0.75,,0.5,0.006236916000000003,0.006236916000000003,7.571848,20,False,0
arif-2021,short,7,False,0.8846830985915493,0.83889816360601,0.8611825192802057,0.0,0.3611111111111111,0.13904650200000024,0.019863786000000033,256.736286,700,False,0
arif-2022,short,7,False,0.8920353982300885,0.8484848484848485,0.8697152717860225,0.0,0.38095238095238093,0.13054767599999986,0.01864966799999998,247.516845,681,False,0
arif-2024,short,9,False,0.8718395815170009,0.832639467110741,0.8517887563884157,0.0,0.29050279329608936,0.1375258499999998,0.015280649999999979,269.533494,680,False,0
bianco-2024,short,10,False,0.8858603066439523,0.8637873754152824,0.8746846089150547,0.012738853503184712,0.5248868778280543,0.14500638600000004,0.014500638600000004,277.785373,723,False,0
brand_price_list_lifescience_2024,short,5,False,0.4674634794156706,0.5168869309838473,0.49093444909344486,,,0.003989034000000001,0.0007978068000000001,9.013968,24,False,0
brand_price_list_lifescience_2024_corrupted,short,5,False,0.3333333333333333,0.0014684287812041115,0.0029239766081871343,,,0.0005701920000000001,0.00011403840000000001,0.828141,2,False,0
budget_appendix_doe,short,2,False,0.0,0.0,0.0,,,0.0005209260000000001,0.00026046300000000006,0.487474,1,False,0
budget_appendix_legis,short,2,False,0.0,0.0,0.0,,,0.0004999259999999999,0.00024996299999999996,0.951122,2,False,0
ca_rad_crossover_inpatient_p5,short,1,False,0.0,0.0,0.0,,,0.00024612,0.00024612,0.714221,2,False,0
ca_rad_crossover_inpatient_p5_corrupted,short,1,False,0.5,0.30120481927710846,0.3759398496240602,,,0.000674814,0.000674814,1.117017,3,False,0
ca_rad_crossover_outpatient_p5,short,1,False,0.0,0.0,0.0,,,5.010600000000001e-05,5.010600000000001e-05,0.359546,1,False,0
ca_rad_crossover_outpatient_p5_corrupted,short,1,False,0.248,0.37349397590361444,0.2980769230769231,,,0.001050924,0.001050924,1.705903,4,False,0
caterpillar_spec_sheet_312c_excavator,short,1,False,0.5789473684210527,0.08527131782945736,0.14864864864864863,,,0.0008512139999999998,0.0008512139999999998,1.503849,4,False,0
caterpillar_spec_sheet_312c_excavator_corrupted,short,1,False,0.5142857142857142,0.046511627906976744,0.08530805687203791,,,0.0006523439999999998,0.0006523439999999998,1.433604,4,False,0
caterpillar_spec_sheet_330_excavator,short,1,False,0.5316455696202531,0.11170212765957446,0.18461538461538463,,,0.000881748,0.000881748,1.472283,4,False,0
caterpillar_spec_sheet_330_excavator_corrupted,short,1,False,0.4782608695652174,0.05851063829787234,0.1042654028436019,,,0.000775572,0.000775572,1.518968,4,False,0
cbp_7501_continuation_0001,short,3,False,0.8333333333333334,0.24725274725274726,0.3813559322033898,,,0.015392622000000009,0.005130874000000003,24.423163,65,False,0
cbp_7501_continuation_0002,short,2,False,0.5535714285714286,0.5254237288135594,0.5391304347826087,,,0.01569057,0.007845285,23.937176,61,False,0
cbp_7501_continuation_0007,short,2,False,0.5875,0.5662650602409639,0.5766871165644172,,,0.0153216,0.0076608,23.036404,62,False,0
cbp_7501_continuation_0016,short,1,False,0.5060240963855421,0.6,0.5490196078431373,,,0.012765522,0.012765522,19.722816,53,False,0
cbp_7501_continuation_0018,short,8,False,0.2536783358701167,0.39872408293460926,0.31007751937984496,,0.0,0.04251500399999998,0.005314375499999998,102.870206,292,False,0
ccc_online_0005_american_family_chevrolet_sonic,short,7,False,0.49206349206349204,0.28703703703703703,0.36257309941520466,,1.0,0.0054023340000000026,0.0007717620000000004,8.761164,23,False,0
ccc_online_0005_american_family_chevrolet_sonic_corrupted,short,7,False,0.7619047619047619,0.14814814814814814,0.24806201550387597,,0.5,0.0037047359999999997,0.000529248,6.279325,15,False,0
ccc_online_0006_esurance_toyota_rav4,short,7,False,0.2698412698412698,0.25757575757575757,0.26356589147286824,,0.5,0.004909547999999999,0.0007013639999999998,8.835317,22,False,0
ccc_online_0006_esurance_toyota_rav4_corrupted,short,7,False,0.3394495412844037,0.2803030303030303,0.3070539419087137,,0.5,0.003854802,0.000550686,6.039289,17,False,0
census_statab,short,1,False,0.0,0.0,0.0,,,0.000677628,0.000677628,1.379068,3,False,0
census_statab_12s0035,short,1,False,0.0,0.0,0.0,,,0.000321048,0.000321048,0.68738,2,False,0
census_statab_12s0711,short,1,False,0.0,0.0,0.0,,,0.00038493,0.00038493,0.680436,2,False,0
census_statab_employment,short,1,False,0.0,0.0,0.0,,,0.000732228,0.000732228,1.253813,3,False,0
census_statab_income_by_state,short,1,False,0.0,0.0,0.0,,,0.0005854380000000002,0.0005854380000000002,0.709774,2,False,0
cfpb_closing-disclosure_H25E,short,6,False,0.21963824289405684,0.6910569105691057,0.3333333333333333,,,0.02089008600000001,0.0034816810000000017,45.857476,132,False,0
cfpb_closing-disclosure_H25E_corrupted,short,6,False,0.6153846153846154,0.1951219512195122,0.29629629629629634,,,0.009191783999999996,0.0015319639999999994,14.939492,40,False,0
cfpb_closing-disclosure_H25F,short,2,False,0.7413793103448276,0.6935483870967742,0.7166666666666668,,,0.0023788380000000003,0.0011894190000000002,4.978273,13,False,0
cfpb_closing-disclosure_H25F_corrupted,short,2,False,0.8148148148148148,0.7096774193548387,0.7586206896551724,,,0.0023570400000000004,0.0011785200000000002,4.959547,14,False,0
cfpb_closing-disclosure_filled-sample,short,5,False,0.16422764227642275,0.6352201257861635,0.26098191214470284,,,0.026722248000000004,0.0053444496000000005,57.537799,157,False,0
cfpb_closing-disclosure_filled-sample_corrupted,short,5,False,0.40816326530612246,0.12903225806451613,0.19607843137254902,,,0.011317404,0.0022634808,15.940878,43,False,0
dc-pepco-residential-bill,short,3,False,0.6190476190476191,0.6190476190476191,0.6190476190476191,,,0.004331754,0.001443918,5.129468,14,False,0
dd1155_schedule_continuation_0002,short,7,False,0.6363636363636364,0.6363636363636364,0.6363636363636364,,,0.0021764820000000004,0.00031092600000000005,3.21876,8,False,0
dd1155_schedule_continuation_0008,short,5,False,1.0,0.45454545454545453,0.625,,,0.002131752,0.00042635040000000006,2.709803,7,False,0
fidelity_0002_sample,short,5,False,0.09523809523809523,0.04285714285714286,0.05911330049261083,,,0.008145438,0.0016290876,11.026403,30,False,0
fort_bend_operativeiq_invoice,short,1,False,0.6363636363636364,0.5714285714285714,0.6021505376344085,,0.0,0.0034938539999999994,0.0034938539999999994,4.167702,12,False,0
golden_corral_receipt_refugio_county_auditor,short,1,False,0.2619047619047619,0.2894736842105263,0.2750000000000001,,0.0,0.0015909600000000002,0.0015909600000000002,3.433934,10,False,0
grafton_isotrope_invoice_19503,short,1,False,0.7954545454545454,0.8536585365853658,0.8235294117647058,,0.0,0.003727751999999999,0.003727751999999999,6.288233,18,False,0
gsa_mas_it_labor_0004,short,8,False,0.6984126984126984,0.4731182795698925,0.5641025641025641,,,0.0011256000000000003,0.00014070000000000003,1.47835,4,False,0
gsa_mas_it_labor_0020,short,10,False,0.21686746987951808,0.1935483870967742,0.20454545454545456,,,0.001434216,0.0001434216,1.822725,5,False,0
h5Filing-45659-1,short,2,False,0.875,0.84,0.8571428571428572,0.49557522123893805,0.8188976377952757,0.007761978000000001,0.0038809890000000005,10.279385,29,False,0
h5Filing-45884-1,short,2,False,0.8421052631578947,0.810126582278481,0.8258064516129032,0.38181818181818183,0.7187500000000001,0.007364448,0.003682224,9.827142,28,False,0
h5Filing-45887-1,short,2,False,0.868421052631579,0.8354430379746836,0.8516129032258065,0.3486238532110092,0.7230769230769231,0.007439165999999998,0.003719582999999999,10.192369,28,False,0
h5Filing-45919-1,short,2,False,0.7976190476190477,0.7701149425287356,0.783625730994152,0.3519999999999999,0.6666666666666667,0.0076871340000000035,0.0038435670000000017,10.759396,29,False,0
h5Filing-46302-1,short,2,False,0.8369565217391305,0.8105263157894737,0.8235294117647058,0.3283582089552239,0.6938775510204082,0.008230488000000001,0.0041152440000000005,11.50289,30,False,0
h5Filing-46383-1,short,2,False,0.7638888888888888,0.7333333333333333,0.7482993197278911,0.36538461538461536,0.6923076923076923,0.007236684000000001,0.0036183420000000005,9.771564,27,False,0
h5Filing-46384-1,short,2,False,0.7916666666666666,0.76,0.7755102040816326,0.3762376237623762,0.7175572519083969,0.007325640000000003,0.0036628200000000015,10.231051,28,False,0
h5Filing-46780-1,short,2,False,0.8472222222222222,0.8133333333333334,0.8299319727891157,0.42718446601941745,0.7538461538461538,0.007049951999999998,0.003524975999999999,10.702162,27,False,0
h5Filing-47175-1,short,2,False,0.7894736842105263,0.759493670886076,0.7741935483870968,0.4297520661157025,0.6917293233082706,0.008059632,0.004029816,13.402543,30,False,0
h5Filing-48982-1,short,2,False,0.8552631578947368,0.8227848101265823,0.8387096774193549,0.47787610619469023,0.712121212121212,0.007467389999999997,0.0037336949999999987,12.193064,29,False,0
h5Filing-49070-1,short,2,False,0.8157894736842105,0.7848101265822784,0.7999999999999999,0.4247787610619469,0.6814814814814815,0.007149786000000001,0.0035748930000000004,10.335142,27,False,0
h5Filing-50745-2,short,2,False,0.8421052631578947,0.810126582278481,0.8258064516129032,0.41666666666666663,0.7536231884057972,0.007941779999999999,0.0039708899999999995,10.985211,29,False,0
h5Filing-66006-1,short,2,False,0.881578947368421,0.8481012658227848,0.8645161290322582,0.4655172413793104,0.7058823529411764,0.007488642,0.003744321,11.034363,29,False,0
hingham-grainger-invoice,short,1,False,0.7777777777777778,0.6829268292682927,0.7272727272727273,,0.4000000000000001,0.005507123999999999,0.005507123999999999,7.140183,19,False,0
hingham-wbmason-invoice,short,1,False,0.7727272727272727,0.8292682926829268,0.7999999999999999,,0.0,0.005845601999999998,0.005845601999999998,7.009329,18,False,0
hingham_lowes_receipt,short,4,False,0.8333333333333334,0.35714285714285715,0.5,,,0.0023498580000000007,0.0005874645000000002,3.852325,10,False,0
lancaster_county_ne_requisition_po_husker_steel,short,6,False,0.7948717948717948,0.7948717948717948,0.7948717948717948,,,0.0035773499999999995,0.0005962249999999999,5.03061,14,False,0
lancaster_county_ne_requisition_po_husker_steel_corrupted,short,6,False,0.6521739130434783,0.38461538461538464,0.4838709677419355,,,0.0039039,0.00065065,5.715768,16,False,0
mcdonalds_receipt_chicago_documentcloud,short,1,False,0.4583333333333333,0.4074074074074074,0.4313725490196078,,,0.0016318260000000003,0.0016318260000000003,2.887444,8,False,0
mission-tx-tyler-invoice,short,2,False,0.8333333333333334,0.30927835051546393,0.45112781954887227,,,0.005862653999999997,0.0029313269999999983,7.566019,20,False,0
ms_medicaid_ra_adjustments,short,4,False,0.24193548387096775,0.25862068965517243,0.25000000000000006,,,0.001110522,0.0002776305,1.60277,4,False,0
ms_medicaid_ra_adjustments_corrupted,short,4,False,0.13414634146341464,0.1896551724137931,0.15714285714285714,,,0.001118628,0.000279657,1.632581,4,False,0
ms_medicaid_ra_paid_denied_claims,short,6,False,0.0,0.0,0.0,,,0.0005472599999999999,9.120999999999999e-05,0.837647,2,False,0
ms_medicaid_ra_paid_denied_claims_corrupted,short,6,False,0.48936170212765956,0.16083916083916083,0.24210526315789474,,,0.0007323959999999997,0.00012206599999999995,1.158596,3,False,0
nport__bullfinch_fund_inc,short,3,False,0.3076923076923077,0.013628620102214651,0.026101141924959218,0.017761989342806393,0.02112676056338028,0.0026523,0.0008841,3.327953,9,False,0
nport__gabelli_growth_fund_2025q4,short,3,False,0.5769230769230769,0.02555366269165247,0.04893964110929853,0.014311270125223612,0.024911032028469754,0.0025614119999999995,0.0008538039999999998,2.990566,8,False,0
nport__oak_associates_funds,short,3,False,0.7307692307692307,0.03544776119402985,0.06761565836298931,0.0234375,0.03501945525291829,0.0025065599999999997,0.0008355199999999999,3.19956,8,False,0
oklahoma_county_purchase_order_avl_systems,short,1,False,0.6521739130434783,0.6521739130434783,0.6521739130434783,,0.0,0.00473571,0.00473571,6.195655,15,False,0
oklahoma_county_purchase_order_avl_systems_corrupted,short,1,False,0.26666666666666666,0.17391304347826086,0.2105263157894737,,0.0,0.0026804820000000005,0.0026804820000000005,3.915879,11,False,0
passcoag-2020-w2-p0002-r1,short,1,False,0.6756756756756757,0.5813953488372093,0.6250000000000001,0.0,0.4545454545454545,0.004218774,0.004218774,6.922527,19,False,0
passcoag-2020-w2-p0002-r2,short,1,False,0.46153846153846156,0.46153846153846156,0.46153846153846156,0.07692307692307693,0.358974358974359,0.0032870040000000005,0.0032870040000000005,5.954559,17,False,0
passcoag-2020-w2-p0002-r3,short,1,False,0.5121951219512195,0.4883720930232558,0.5,0.0,0.2553191489361702,0.003703727999999999,0.003703727999999999,7.134553,18,False,0
passcoag-2020-w2-p0002-r4,short,1,False,0.7027027027027027,0.6341463414634146,0.6666666666666667,0.07142857142857142,0.47619047619047616,0.003991511999999999,0.003991511999999999,7.63172,19,False,0
passcoag-2020-w2-p0003-r1,short,1,False,0.4878048780487805,0.46511627906976744,0.4761904761904762,0.0,0.22222222222222224,0.0037765560000000004,0.0037765560000000004,5.895787,16,False,0
passcoag-2020-w2-p0003-r2,short,1,False,0.5853658536585366,0.5853658536585366,0.5853658536585366,0.0,0.358974358974359,0.0033063240000000002,0.0033063240000000002,5.828652,16,False,0
passcoag-2020-w2-p0003-r3,short,1,False,0.6410256410256411,0.6097560975609756,0.625,0.19354838709677416,0.4186046511627907,0.0032556300000000007,0.0032556300000000007,6.706046,18,False,0
passcoag-2020-w2-p0003-r4,short,1,False,0.6216216216216216,0.5348837209302325,0.575,0.2222222222222222,0.4090909090909091,0.003927462,0.003927462,6.744946,17,False,0
passcoag-2020-w2-p0004-r1,short,1,False,0.6216216216216216,0.5348837209302325,0.575,0.0,0.3902439024390244,0.0026920319999999996,0.0026920319999999996,4.322787,12,False,0
passcoag-2020-w2-p0004-r2,short,1,False,0.4864864864864865,0.4186046511627907,0.45,0.0,0.15789473684210528,0.00354228,0.00354228,6.451299,17,False,0
passcoag-2020-w2-p0004-r3,short,1,False,0.5813953488372093,0.5813953488372093,0.5813953488372093,0.2285714285714286,0.39215686274509803,0.004401516000000001,0.004401516000000001,8.259832,23,False,0
passcoag-2020-w2-p0004-r4,short,1,False,0.6666666666666666,0.6046511627906976,0.6341463414634145,0.0,0.4347826086956522,0.004387571999999999,0.004387571999999999,7.429107,21,False,0
passcoag-2020-w2-p0005-r1,short,1,False,0.5609756097560976,0.5348837209302325,0.5476190476190476,0.1212121212121212,0.4347826086956522,0.00427287,0.00427287,7.090099,19,False,0
passcoag-2020-w2-p0005-r2,short,1,False,0.6756756756756757,0.5813953488372093,0.6250000000000001,0.0,0.37209302325581395,0.003986430000000001,0.003986430000000001,5.62473,14,False,0
passcoag-2020-w2-p0005-r3,short,1,False,0.5405405405405406,0.46511627906976744,0.5,0.0,0.3,0.0034058219999999993,0.0034058219999999993,5.803454,16,False,0
passcoag-2020-w2-p0005-r4,short,1,False,0.6486486486486487,0.5581395348837209,0.6,0.0,0.36363636363636365,0.0043341479999999995,0.0043341479999999995,6.859434,18,False,0
passcoag-2020-w2-p0006-r1,short,1,False,0.5945945945945946,0.5116279069767442,0.55,0.0,0.3333333333333333,0.003339588,0.003339588,6.839429,17,False,0
passcoag-2020-w2-p0006-r2,short,1,False,0.5675675675675675,0.4883720930232558,0.525,0.0,0.2790697674418604,0.003998819999999999,0.003998819999999999,5.127384,14,False,0
passcoag-2020-w2-p0006-r3,short,1,False,0.5777777777777777,0.6046511627906976,0.5909090909090908,0.2285714285714286,0.45833333333333337,0.004885188,0.004885188,8.358531,23,False,0
passcoag-2020-w2-p0006-r4,short,1,False,0.6216216216216216,0.5348837209302325,0.575,0.0,0.3333333333333333,0.003956106000000001,0.003956106000000001,5.99844,15,False,0
pershing_0001,short,8,False,0.6666666666666666,0.6041666666666666,0.633879781420765,,,0.014971572000000006,0.0018714465000000007,24.607771,69,False,0
ppl-two-bill-example,short,3,False,0.6190476190476191,0.6190476190476191,0.6190476190476191,,0.0,0.0026279400000000005,0.0008759800000000002,4.194991,11,False,0
real_clinton_property_25_11073,short,9,False,0.45,0.03896103896103896,0.07171314741035856,0.039999999999999994,0.0598802395209581,0.0022070579999999996,0.00024522866666666665,2.504523,6,False,0
real_clinton_property_25_11073_corrupted,short,9,False,0.5,0.012987012987012988,0.025316455696202535,0.0,0.012269938650306747,0.001962114,0.00021801266666666668,1.883815,5,False,0
real_franklin_aug_2025,short,6,False,0.6881287726358148,0.684913217623498,0.6865172298427568,0.44388525415198793,0.7407942238267148,0.004424237999999999,0.0007373729999999998,8.106707,24,False,0
real_franklin_nov_2025,short,5,False,0.641660015961692,0.641660015961692,0.641660015961692,0.44895522388059705,0.7146666666666666,0.0039032699999999995,0.0007806539999999999,6.854115,20,False,0
real_wyo_Goshen_2024,short,10,False,0.25044404973357015,0.241852487135506,0.24607329842931938,0.6229508196721312,0.48263888888888884,0.004185006,0.00041850059999999997,15.499842,45,False,0
real_wyo_Niobrara_2024,short,7,False,0.36363636363636365,0.043243243243243246,0.07729468599033816,0.020833333333333336,0.028776978417266192,0.001189692,0.000169956,2.213002,6,False,0
real_wyo_Weston_2024,short,9,False,0.2857142857142857,0.032362459546925564,0.05813953488372092,0.0,0.017316017316017316,0.001211406,0.00013460066666666666,1.796446,5,False,0
sched_i__after_violence_project_ty2024,short,1,False,0.5238095238095238,0.22448979591836735,0.3142857142857143,0.15000000000000002,0.372093023255814,0.001347024,0.001347024,2.247829,6,False,0
sched_i__idaho_humanities_council_inc_ty2023,short,1,False,0.8571428571428571,0.12244897959183673,0.21428571428571427,0.0888888888888889,0.21739130434782608,0.001428336,0.001428336,2.32501,6,False,0
sched_i__rotary_club_ty2024,short,1,False,0.6666666666666666,0.2857142857142857,0.4,0.049999999999999996,0.34782608695652173,0.0014342579999999999,0.0014342579999999999,2.276277,6,False,0
sched_i__the_women_s_foundation_of_colorado_inc_ty2024,short,7,False,0.4132890365448505,0.47517188693659285,0.44207533759772566,0.027053140096618362,0.3123028391167192,0.010101882000000003,0.0014431260000000005,16.237434,42,False,0
sec_13f_0009_coatue_management,short,7,False,0.7337777777777778,0.6411650485436893,0.6843523316062176,0.12289052358286456,0.6636700158646219,0.011001143999999997,0.0015715919999999997,14.404056,39,False,0
sec_13f_0019_soros_fund_management,short,7,False,0.8364288041707396,0.7505847953216375,0.7911850824472184,0.2511655011655011,0.7638341774526355,0.011030292,0.001575756,14.833894,39,False,0
southampton-ny-york-env-invoice,short,2,False,0.7692307692307693,0.6153846153846154,0.6837606837606838,,0.6666666666666666,0.003825276,0.001912638,6.464023,17,False,0
stephenville-axon-invoice,short,9,False,0.6461038961038961,0.5993975903614458,0.6218750000000001,,0.25,0.011149235999999998,0.0012388039999999998,24.394442,58,False,0
texas_facilities_commission_purchase_order_shelton-keller,short,4,False,0.6521739130434783,0.3191489361702128,0.4285714285714286,,0.0,0.0033613440000000005,0.0008403360000000001,4.832654,11,False,0
texas_facilities_commission_purchase_order_shelton-keller_corrupted,short,4,False,0.6,0.19148936170212766,0.29032258064516125,,0.0,0.002502947999999999,0.0006257369999999998,3.487974,9,False,0
ti_spec_sheet_ne555_timer,short,1,False,0.4810126582278481,0.21348314606741572,0.29571984435797666,,,0.0007171079999999998,0.0007171079999999998,1.548317,4,False,0
ti_spec_sheet_ne555_timer_corrupted,short,1,False,0.43478260869565216,0.11235955056179775,0.17857142857142858,,,0.000650076,0.000650076,1.442458,4,False,0
uillinois_rate_card_carpool_2024,short,1,False,0.5,0.008771929824561403,0.017241379310344827,,,0.0005342399999999998,0.0005342399999999998,1.046436,3,False,0
uillinois_rate_card_carpool_2024_corrupted,short,1,False,0.3181818181818182,0.06140350877192982,0.10294117647058823,,,0.0006176520000000001,0.0006176520000000001,1.509743,4,False,0
utah_fleet_rate_schedule_fy2024,short,2,False,0.5,0.14705882352941177,0.22727272727272727,,,0.000794094,0.000397047,1.714062,4,False,0
utah_fleet_rate_schedule_fy2024_corrupted,short,2,False,0.0,0.0,0.0,,,0.000655704,0.000327852,1.082554,3,False,0
viega_price_list_propress_2026,short,5,False,0.4884579870729455,0.380849532037437,0.4279935275080906,,,0.013445334,0.0026890667999999998,16.583834,42,False,0
viega_price_list_propress_2026_corrupted,short,5,False,0.0074487895716946,0.0028797696184305254,0.004153686396677051,,,0.019595267999999992,0.003919053599999998,62.485042,175,False,0
we-energies-sample-bill,short,1,False,0.5185185185185185,0.5185185185185185,0.5185185185185185,,,0.0037421999999999993,0.0037421999999999993,5.686524,16,False,0
13f__leonteq_securities_2025q4,medium,31,False,0.8717512586746496,0.8054944364116426,0.83731416435223,0.2628344895936571,0.888448104868268,0.04998793800000006,0.00161251412903226,68.539175,171,False,0
13f__nalls_sherbakoff_2025q4,medium,12,False,0.8369565217391305,0.8349900596421471,0.8359721342621913,0.2980620819756474,0.8592152199762187,0.010065005999999998,0.0008387504999999998,15.348816,41,False,0
1G1PC5SB6E7111015_professional_valuation,medium,13,False,0.4380952380952381,0.13690476190476192,0.2086167800453515,,0.5,0.008035272000000001,0.0006180978461538463,9.732387,27,False,0
1G1PC5SB6E7111015_professional_valuation_corrupted,medium,13,False,0.47619047619047616,0.11904761904761904,0.19047619047619047,,0.625,0.007732074000000003,0.0005947749230769233,9.790294,25,False,0
arif-2023,medium,16,False,0.8455696202531645,0.8329177057356608,0.8391959798994975,0.010256410256410256,0.42804428044280446,0.14471280599999986,0.009044550374999991,271.697443,701,False,0
baker_hughes_earnings_deck_q4fy25,medium,25,False,0.05235602094240838,0.5,0.09478672985781991,,0.6666666666666666,0.009974076000000009,0.00039896304000000034,30.772344,85,False,0
bar-lev-2021,medium,30,False,0.8396624472573839,0.7578065498857578,0.7966373098478782,0.0,0.36464088397790057,0.14464048199999996,0.004821349399999998,268.738993,680,False,0
bar-lev-2022,medium,25,False,0.7585644371941273,0.7428115015974441,0.7506053268765133,0.008097165991902834,0.31268436578171094,0.13997722199999993,0.005599088879999997,289.742858,768,False,0
bar-lev-2023,medium,19,False,0.8506944444444444,0.778395552025417,0.8129406885109913,0.008438818565400843,0.4792899408284023,0.1411859819999998,0.007430841157894726,291.129089,764,False,0
bar-lev-2024,medium,27,False,0.7622641509433963,0.7952755905511811,0.7784200385356455,0.0,0.37654320987654316,0.1431938759999998,0.0053034768888888814,314.069484,823,False,0
becerra-2021,medium,38,False,0.734295415959253,0.6543116490166414,0.692,0.0,0.32053422370617696,0.16612104599999997,0.00437160647368421,369.182374,967,False,0
becerra-2022,medium,34,False,0.7638655462184873,0.6497498213009293,0.7022016222479721,0.059760956175298814,0.4467153284671532,0.16303371000000028,0.004795109117647067,332.594298,878,False,0
becerra-2023,medium,29,False,0.8242049469964664,0.6865342163355408,0.7490967482938579,0.009174311926605503,0.46178861788617886,0.15535123800000017,0.0053569392413793165,320.318305,849,False,0
becerra-2024,medium,27,False,0.7774979009235936,0.731437598736177,0.7537647537647538,0.0,0.4317718940936864,0.15676416000000043,0.0058060800000000155,323.310988,880,False,0
bianco-2021,medium,16,False,0.8871662360034454,0.894874022589053,0.8910034602076126,0.0,0.44927536231884063,0.13690878599999998,0.008556799124999999,290.690165,734,False,0
bianco-2022,medium,20,False,0.8824593128390597,0.866785079928952,0.8745519713261649,0.0,0.4210526315789473,0.12994774799999995,0.006497387399999997,218.534568,560,False,0
byline_bancorp_investor_deck_q2_2023,medium,24,False,0.05172413793103448,0.42857142857142855,0.0923076923076923,,0.0,0.010305750000000004,0.00042940625000000015,33.158991,92,False,0
cabrera-2021,medium,30,False,0.8348778433024431,0.8024291497975709,0.8183319570602807,0.0,0.423841059602649,0.14866467000000022,0.004955489000000007,313.186377,808,False,0
cabrera-2022,medium,28,False,0.74079874706343,0.7128862094951017,0.7265745007680491,0.0,0.30678466076696165,0.14177486399999997,0.005063387999999999,297.054558,788,False,0
cabrera-2023,medium,28,False,0.8063139931740614,0.7517899761336515,0.7780979827089337,0.0,0.3745019920318725,0.129938886,0.0046406745,252.95937,626,False,0
ccc_online_0003_geico_ford_crown_victoria,medium,19,False,0.0833976833976834,0.34615384615384615,0.134411947728687,,0.5,0.041835486000000074,0.0022018676842105304,111.999644,292,False,0
ccc_online_0003_geico_ford_crown_victoria_corrupted,medium,19,False,0.2702702702702703,0.0641025641025641,0.10362694300518134,,0.0,0.006558846000000001,0.00034520242105263164,8.009411,20,False,0
ccc_online_0004_liberty_dodge_journey,medium,16,False,0.09712722298221614,0.3817204301075269,0.15485278080697926,,1.0,0.043214766000000016,0.002700922875000001,115.353152,309,False,0
ccc_online_0004_liberty_dodge_journey_corrupted,medium,16,False,0.30952380952380953,0.06989247311827956,0.11403508771929824,,0.0,0.005118119999999999,0.0003198824999999999,6.443288,15,False,0
ccc_online_0008_state_farm_genesis_gv80,medium,19,False,0.14067278287461774,0.3445692883895131,0.19978284473398478,,0.28571428571428575,0.0430353,0.0022650157894736843,120.466181,318,False,0
ccc_online_0008_state_farm_genesis_gv80_corrupted,medium,19,False,0.56,0.052434456928838954,0.09589041095890412,,0.0,0.005788061999999998,0.0003046348421052631,7.060466,18,False,0
ccc_online_0009_travelers_ford_f150,medium,18,False,0.07868852459016394,0.5,0.1359773371104816,,0.3333333333333333,0.03226351799999999,0.0017924176666666662,93.882041,232,False,0
ccc_online_0009_travelers_ford_f150_corrupted,medium,18,False,0.5862068965517241,0.11805555555555555,0.1965317919075144,,0.3333333333333333,0.005931869999999998,0.0003295483333333332,8.951328,21,False,0
ccc_online_0010_travelers_ford_explorer,medium,21,False,0.046073977936404935,0.35858585858585856,0.08165612420931571,,0.0,0.04055129399999995,0.0019310139999999978,121.002106,314,False,0
ccc_online_0010_travelers_ford_explorer_corrupted,medium,21,False,0.5238095238095238,0.05555555555555555,0.10045662100456619,,0.0,0.00479598,0.00022838,6.933715,17,False,0
ccc_online_0011_infinity_toyota_tacoma,medium,24,False,0.030198446937014668,0.3211009174311927,0.055205047318611984,,0.0,0.06720268800000004,0.0028001120000000017,181.849136,481,False,0
ccc_online_0011_infinity_toyota_tacoma_corrupted,medium,24,False,0.24,0.027522935779816515,0.04938271604938272,,0.0,0.00430689,0.00017945375,7.059167,15,False,0
ccc_online_0012_chubb_dodge_durango,medium,17,False,0.08492201039861352,0.3983739837398374,0.14,,0.0,0.02603857199999999,0.0015316807058823522,87.37182,224,False,0
ccc_online_0012_chubb_dodge_durango_corrupted,medium,17,False,0.2549019607843137,0.21138211382113822,0.2311111111111111,,0.0,0.006032166,0.00035483329411764705,9.000118,21,False,0
coreweave_earnings_deck_q4fy25,medium,24,False,0.5,0.5,0.5,,0.4,0.0022481340000000006,9.367225000000002e-05,3.959455,9,False,0
crh_results_deck_q4fy25,medium,42,False,0.08064516129032258,0.21739130434782608,0.11764705882352941,,0.0,0.007541058000000003,0.00017954900000000007,32.916554,83,False,0
dd1155_schedule_continuation_0007,medium,13,False,0.7272727272727273,0.7272727272727273,0.7272727272727273,,,0.0019582080000000003,0.00015063138461538465,3.952809,8,False,0
erie_county_2017_single_audit,medium,40,False,0.3122594832325454,0.37491749174917494,0.3407318536292742,,,0.02920016400000001,0.0007300041000000003,53.935341,140,False,0
gov_clin_schedule_0033,medium,50,False,0.07565011820330969,0.2882882882882883,0.1198501872659176,,0.0,0.020125769999999994,0.0004025153999999999,61.907142,168,False,0
gov_clin_schedule_0035,medium,22,False,0.4666666666666667,0.4666666666666667,0.4666666666666667,,,0.002314032,0.00010518327272727273,2.188446,5,False,0
gov_clin_schedule_0038,medium,22,False,0.5333333333333333,0.09195402298850575,0.1568627450980392,,,0.0013171619999999998,5.987099999999999e-05,1.551555,3,False,0
gsa_mas_it_labor_0003,medium,20,False,0.1939242613399917,0.5337915234822451,0.2844932844932845,,,0.011713296000000014,0.0005856648000000007,25.681494,65,False,0
gsa_mas_it_labor_0005,medium,25,False,0.2290748898678414,0.7166921898928025,0.34718100890207715,,,0.028622117999999988,0.0011448847199999996,67.512987,169,False,0
gsa_mas_it_labor_0006,medium,21,False,0.25301204819277107,0.12883435582822086,0.17073170731707318,,,0.0017335920000000004,8.255200000000002e-05,1.943004,4,False,0
gsa_mas_it_labor_0007,medium,40,False,0.6371681415929203,0.2737642585551331,0.3829787234042553,,,0.0015386699999999994,3.8466749999999985e-05,2.289748,5,False,0
gsa_mas_it_labor_0008,medium,33,False,0.17564870259481039,0.546583850931677,0.26586102719033233,,,0.021662718,0.000656446,59.435506,147,False,0
gsa_mas_it_labor_0010,medium,15,False,0.42424242424242425,0.42424242424242425,0.4242424242424243,,,0.001528002,0.0001018668,1.749287,4,False,0
gsa_mas_it_labor_0011,medium,37,False,0.23301413588691292,0.48071495766698025,0.3138820638820639,,,0.028358232,0.0007664387027027027,63.81436,162,False,0
gsa_mas_it_labor_0014,medium,21,False,0.6981132075471698,0.24183006535947713,0.3592233009708738,,,0.0016648799999999999,7.928e-05,1.917356,4,False,0
gsa_mas_it_labor_0016,medium,22,False,0.2700871248789932,0.7099236641221374,0.391304347826087,,,0.011617871999999996,0.0005280850909090908,29.028946,75,False,0
gsa_mas_it_labor_0018,medium,21,False,0.447973713033954,0.5223499361430396,0.482311320754717,,,0.03460585800000002,0.0016478980000000007,92.126599,227,False,0
gsa_mas_it_labor_0019,medium,27,False,0.2838817624093698,0.5178026449643948,0.36671469740634005,,,0.030719346000000005,0.0011377535555555558,76.305069,193,False,0
hpe_earnings_deck_q4fy25,medium,41,False,0.03102189781021898,0.5862068965517241,0.05892547660311958,,0.0,0.017382666,0.00042396746341463417,61.145148,160,False,0
jackson_college_2024_federal_awards_audit,medium,16,False,0.7894736842105263,0.16483516483516483,0.2727272727272727,,,0.001015602,6.3475125e-05,2.017351,4,False,0
nport__advisors_inner_circle_fund,medium,17,False,0.6398294456985202,0.6290998766954378,0.6344192986819199,0.3239086179597376,0.7294718909710391,0.02544700200000001,0.0014968824705882359,34.19425,83,False,0
nport__dunham_funds,medium,37,False,0.5865458963879377,0.566339590443686,0.5762656682402734,0.2456900612341027,0.7110957960027567,0.051158940000000014,0.0013826740540540544,56.000419,137,False,0
nport__sei_etf_2025q4,medium,23,False,0.6458444563089518,0.6343296626463905,0.6400352733686068,0.23780386968744832,0.7225218746254346,0.030608886000000002,0.0013308211304347826,37.794986,91,False,0
q4-2025-earnings-press-release,medium,15,False,0.0603448275862069,0.5,0.10769230769230771,,0.2,0.0081963,0.00054642,23.227216,62,False,0
real_bbb_service_list,medium,17,False,0.8267394270122783,0.8069241011984021,0.816711590296496,0.2067736185383244,0.7199297629499561,0.005405357999999997,0.0003179622352941175,12.286508,32,False,0
real_bbb_service_list_corrupted,medium,17,False,0.0625,0.0013315579227696406,0.0026075619295958283,0.0,0.0013605442176870747,0.0016065419999999996,9.450247058823527e-05,1.775608,4,False,0
real_blackrock_muni_bmn,medium,44,False,0.08484005563282336,0.03195390256678889,0.04642313546423136,0.029790115098171973,0.04454597372929754,0.04234528200000002,0.0009623927727272732,111.578807,306,False,0
real_blackrock_schedule_full,medium,45,False,0.36472945891783565,0.0566272557560672,0.09803393482359278,0.04641909814323608,0.04555314533622559,0.04819684799999998,0.0010710410666666661,88.890113,232,False,0
real_cooke_co_tx_2024,medium,20,False,0.057230597431602456,0.043617021276595745,0.04950495049504951,0.005849268841394826,0.018928801892880192,0.04313748599999993,0.0021568742999999967,122.036339,342,False,0
real_dcd_sumf_full,medium,27,False,0.3022452504317789,0.27910685805422647,0.2902155887230514,0.565359477124183,0.4207980652962515,0.009719513999999999,0.00035998199999999996,29.205205,83,False,0
real_dcd_sumf_full_corrupted,medium,27,False,0.0,0.0,0.0,0.0,0.0,0.0016582020000000005,6.14148888888889e-05,1.475189,3,False,0
real_enotes_deviations,medium,26,False,0.3333333333333333,0.003417634996582365,0.006765899864682003,0.00392156862745098,0.005449591280653951,0.0025987079999999995,9.995030769230767e-05,3.06338,7,False,0
real_enotes_deviations_corrupted,medium,26,False,0.0,0.0,0.0,0.0,0.0,0.0025601939999999996,9.846899999999998e-05,3.551926,9,False,0
real_fidelity_northstar,medium,18,False,0.39515545914678235,0.08913717175012233,0.1454618046313548,0.09298434325325683,0.0982288384222536,0.06866525399999998,0.0038147363333333323,91.742475,243,False,0
real_franklin_sep_2025,medium,12,False,0.6719327731092437,0.670355466130114,0.6711431928823234,0.4359550561797753,0.733039970663733,0.007133153999999999,0.0005944294999999999,15.368686,42,False,0
real_penn_hills_pa_2023,medium,34,False,0.045276447540269917,0.028222523744911805,0.034770979605483116,0.05216426193118757,0.05301080802882141,0.07644571200000018,0.0022484032941176525,148.318259,390,False,0
real_pueblo_oct_2025,medium,11,False,0.35769167892757886,0.511334423930825,0.42093112735667565,0.36452173913043473,0.5808784145688269,0.020664588000000008,0.0018785989090909097,44.70272,123,False,0
real_sm0801_dispositions_full,medium,25,False,0.5921985815602837,0.5827517447657029,0.5874371859296482,0.42711135018827323,0.4993890020366599,0.008630874,0.00034523496,19.873406,56,False,0
real_sm0801_dispositions_full_corrupted,medium,25,False,0.584573748308525,0.4307078763708873,0.49598163030998854,0.3107460643394935,0.4745427582797825,0.015671292000000003,0.0006268516800000001,45.122248,125,False,0
real_vg_divappr_full,medium,27,False,0.4264705882352941,0.3717948717948718,0.3972602739726027,0.27133872416891286,0.40054127198917455,0.006776826000000004,0.0002509935555555557,23.60123,65,False,0
real_vg_divgrowth_full,medium,22,False,0.5,0.019704433497536946,0.037914691943127965,0.020253164556962026,0.035398230088495575,0.001208004,5.4909272727272724e-05,2.015536,5,False,0
real_vg_equity_income_full,medium,27,False,0.44986200551977923,0.41670217298679163,0.4326476443264764,0.29203956665096564,0.46993603411513857,0.008483621999999998,0.00031420822222222213,27.07181,74,False,0
real_vg_esg_full,medium,23,False,0.4485981308411215,0.22170900692840648,0.2967542503863988,0.25,0.2826666666666667,0.0016198140000000005,7.042669565217393e-05,2.367602,6,False,0
real_vg_gcc_full,medium,23,False,0.4230769230769231,0.39829605963791265,0.410312671420735,0.28433734939759037,0.4316239316239317,0.004452756000000001,0.0001935980869565218,16.943571,48,False,0
real_vg_healthcare_full,medium,24,False,0.375,0.008071748878923767,0.015803336259877086,0.011157601115760111,0.012210012210012212,0.001299648,5.4152e-05,1.965412,5,False,0
real_vg_megacap_full,medium,13,False,0.42201834862385323,0.41566265060240964,0.41881638846737484,0.47684391080617494,0.4693572496263079,0.004267788,0.0003282913846153846,13.598893,37,False,0
real_vg_primecap_full,medium,15,False,0.36934950385887544,0.3358395989974937,0.351798372276188,0.22701475595913734,0.31070889894419307,0.0044916059999999996,0.00029944039999999997,16.37829,41,False,0
real_vg_reit2_full,medium,24,False,0.4240669240669241,0.40379901960784315,0.41368487131198994,0.23521320495185694,0.4385749385749385,0.005119926000000002,0.00021333025000000008,21.055796,55,False,0
real_vg_reit_full,medium,27,False,0.3187001140250855,0.33796856106408707,0.32805164319248825,0.16960651289009498,0.3068526379624015,0.007245209999999997,0.000268341111111111,26.268092,75,False,0
real_wright_co_mn,medium,37,False,0.09334340636279695,0.19188955996548748,0.12559295233792636,0.02353325706814839,0.14633493846976994,0.23244085200000014,0.006282185189189193,527.562202,1524,False,0
sched_i__akron_community_foundation_ty2024,medium,26,False,0.46873039113156245,0.47711305088354267,0.4728845748048111,0.12422655878153263,0.3273615635179153,0.04444284600000001,0.0017093402307692311,75.914507,211,False,0
sched_i__united_way_worldwide_ty2024,medium,16,False,0.49749711205236813,0.44050460279577225,0.4672694394213382,0.12514050206069688,0.34530477759472816,0.028135001999999985,0.001758437624999999,43.144454,114,False,0
schwab_dana_jones_2012,medium,48,False,0.0981067125645439,0.48717948717948717,0.16332378223495703,,,0.04611339599999996,0.0009606957499999992,87.339704,241,False,0
sec_13f_0031_loomis_sayles,medium,37,False,0.5704434542754084,0.35409944023707607,0.4369590833367194,0.11667870036101083,0.44225074037512335,0.13784160599999987,0.003725448810810807,,373,True,269
sf1449_supplies_services_0003,medium,13,False,0.8571428571428571,0.08955223880597014,0.16216216216216214,,,0.003247607999999999,0.0002498159999999999,4.410776,12,False,0
sf1449_supplies_services_0046,medium,31,False,0.8333333333333334,0.8333333333333334,0.8333333333333334,,,0.0032509259999999995,0.00010486858064516128,4.059724,10,False,0
sf1449_supplies_services_0047,medium,30,False,0.39436619718309857,0.6511627906976745,0.4912280701754386,,,0.013708002000000002,0.00045693340000000005,41.61227,115,False,0
smfg-kessan-tanshin-2024-ja,medium,19,False,0.015789473684210527,0.20689655172413793,0.0293398533007335,,0.0,0.010324313999999998,0.000543384947368421,35.768183,101,False,0
sunoco_investor_deck_march_2026,medium,36,False,0.7142857142857143,0.7142857142857143,0.7142857142857143,,0.0,0.0021050820000000003,5.847450000000001e-05,3.334962,8,False,0
synchrony_investor_deck_q1_2026,medium,14,False,0.5714285714285714,0.5714285714285714,0.5714285714285714,,0.5,0.0025266780000000005,0.00018047700000000004,4.645232,10,False,0
sysco_earnings_deck_q2fy26,medium,34,False,0.06097560975609756,0.3448275862068966,0.10362694300518134,,0.5,0.008887871999999993,0.0002614079999999998,32.339561,85,False,0
transunion_earnings_deck_q4fy25,medium,41,False,0.07547169811320754,0.2,0.10958904109589042,,,0.009165953999999999,0.00022355985365853656,41.254729,116,False,0
united_way_san_antonio_fy23_single_audit,medium,19,False,0.45714285714285713,0.06584362139917696,0.11510791366906475,,,0.0012984300000000002,6.833842105263159e-05,1.582423,4,False,0
veralto_earnings_deck_q4fy25,medium,41,False,0.02364864864864865,0.35,0.04430379746835444,,0.0,0.011861976000000005,0.00028931648780487816,45.427461,128,False,0
dd1155_schedule_continuation_0011,long,56,False,0.08227114716106605,0.568,0.1437246963562753,,0.23333333333333336,0.019126505999999988,0.00034154474999999976,59.676606,171,False,0
dd1155_schedule_continuation_0012,long,68,False,0.04735376044568245,0.4857142857142857,0.08629441624365482,,,0.017926145999999997,0.000263619794117647,53.219197,142,False,0
gov_clin_schedule_0005,long,66,False,0.07386888273314866,0.5031446540880503,0.12882447665056362,,0.0,0.034241339999999974,0.0005188081818181814,,269,True,193
gov_clin_schedule_0031,long,62,False,0.17119341563786009,0.7455197132616488,0.2784471218206158,,0.0,0.03606220799999999,0.0005816485161290321,103.138134,294,False,0
real_credit_strategies_full,long,59,False,0.3754601226993865,0.07429889522884546,0.12404986318029797,0.03629032258064516,0.04271222637479978,0.12388815599999997,0.0020997992542372878,,586,True,131
real_freer_register_full,long,123,True,0.0,0.0,0.0,0.0,0.0,0.2662379580000002,0.0021645362439024407,,959,True,130
real_ftx_full,long,114,True,0.0,0.0,0.0,0.0,0.0,0.14930046599999994,0.0013096532105263152,,679,True,87
real_ftx_full_corrupted,long,114,True,0.0,0.0,0.0,0.0,0.0,0.060597264000000046,0.0005315549473684215,,714,True,93
real_imedia_full,long,114,True,0.0,0.0,0.0,0.0,0.0,0.14754381600000016,0.0012942440000000015,,595,True,26
real_imedia_full_corrupted,long,114,True,0.0,0.0,0.0,0.0,0.0,0.050528856,0.0004432355789473684,,640,True,32
real_ishares_iboxx_bond_etfs,long,72,True,0.0,0.0,0.0,0.0,0.0,0.0,0.0,,0,True,0
real_ofac_ssi_full,long,192,True,0.0,0.0,0.0,0.0,0.0,0.0,0.0,,0,True,0
real_oklahoma_unclaimed_2024,long,59,True,0.0,0.0,0.0,0.0,0.0,0.0,0.0,,0,True,0
real_sm0801_ae_full,long,163,True,0.0,0.0,0.0,0.0,0.0,0.000125916,7.724907975460124e-07,,1,True,0
real_sm0801_eco_full,long,66,True,0.0,0.0,0.0,0.0,0.0,0.0,0.0,,0,True,0
real_sm0801_eco_full_corrupted,long,66,True,0.0,0.0,0.0,0.0,0.0,0.0,0.0,,0,True,0
sec_13f_0010_renaissance_technologies,long,81,True,0.0,0.0,0.0,0.0,0.0,0.0,0.0,,0,True,0
sec_13f_0026_brown_brothers_harriman,long,55,True,0.0,0.0,0.0,0.0,0.0,0.0,0.0,,0,True,0
sf1449_supplies_services_0042,long,77,True,0.0,0.0,0.0,0.0,0.0,0.0,0.0,,0,True,0
sf1449_supplies_services_0059,long,95,True,0.0,0.0,0.0,0.0,0.0,0.0,0.0,,0,True,0
